,Unnamed: 0,time,open,high,low,close,tick_volume,spread,real_volume,return,volatility,expected_return,risk_factor,strategy
0,0,1671408000,1.05812,1.05996,1.05812,1.05991,6113,1,0,0.0,0.0,0.0,0.0,-1
1,1,1671418800,1.05993,1.06129,1.05962,1.06083,8098,0,0,0.0008676217336516176,0.0,0.0,0.0,-1
2,2,1671429600,1.06084,1.06343,1.06012,1.06292,6505,0,0,0.001968217233385082,0.0,0.0,0.0,3
3,3,1671440400,1.06292,1.0658,1.06163,1.06177,18489,0,0,-0.00108251096611769,0.0,0.0,0.0,-1
4,4,1671451200,1.06181,1.06352,1.06032,1.06063,18336,0,0,-0.0010742556630536368,0.0,0.0,0.0,-1
5,5,1671462000,1.06062,1.06157,1.05756,1.05797,22666,0,0,-0.002511093550211521,0.0,0.0,0.0,-1
6,6,1671472800,1.05798,1.06311,1.05797,1.06141,17991,0,0,0.003246235239461636,0.0,0.0,0.0,3
7,7,1671483600,1.0614,1.06145,1.06006,1.06064,10932,0,0,-0.0007257133750796669,0.0,0.0,0.0,-1
8,8,1671494400,1.06031,1.06129,1.05979,1.05999,4978,1,0,-0.0006130253937329366,0.0,0.0,0.0,-1
9,9,1671505200,1.05999,1.06515,1.05974,1.06079,20374,0,0,0.0007544394401542943,0.0,0.0,0.0,3
10,10,1671516000,1.0608,1.06156,1.05788,1.05938,17898,0,0,-0.0013300822178140181,0.0,0.0,0.0,-1
11,11,1671526800,1.05937,1.06381,1.05918,1.06372,32086,0,0,0.004088367053049247,0.0,0.0,0.0,3
12,12,1671537600,1.06368,1.06461,1.06103,1.06136,19078,0,0,-0.002221093766076765,0.0,0.0,0.0,-1
13,13,1671548400,1.06135,1.06587,1.05939,1.06401,30375,0,0,0.0024936847450032994,0.0,0.0,0.0,3
14,14,1671559200,1.06401,1.06421,1.06058,1.06061,19743,0,0,-0.0032005750697777693,0.0,0.0,0.0,-1
15,15,1671570000,1.06061,1.06293,1.05994,1.06218,10369,0,0,0.0014791856813549953,0.0,0.0,0.0,-1
16,16,1671580800,1.06232,1.06279,1.06174,1.06204,4744,1,0,-0.00013181308923045649,0.0,0.0,0.0,-1
17,17,1671591600,1.06205,1.06258,1.06127,1.06165,7917,1,0,-0.00036728524820886076,0.0,0.0,0.0,-1
18,18,1671602400,1.06165,1.06178,1.06067,1.06137,5700,0,0,-0.00026377518970481024,0.0,0.0,0.0,-1
19,19,1671613200,1.0614,1.06375,1.06107,1.06144,17686,0,0,6.595032058947636e-05,0.0,0.0,0.0,-1
20,20,1671624000,1.06144,1.06317,1.06045,1.06305,15596,0,0,0.0015156581656872402,0.0,0.0,0.0,3
21,21,1671634800,1.06303,1.06451,1.05959,1.06154,25314,0,0,-0.00142145096630341,0.03007088661994868,0.018440221404304163,1.6307226448446972,2
22,22,1671645600,1.06157,1.0616,1.05904,1.06095,16418,0,0,-0.0005559508079626814,0.030001282311948763,0.0013573509049325757,22.102819693069,2
23,23,1671656400,1.06097,1.06202,1.0603,1.0604,9767,0,0,-0.0005185377352382231,0.029176722556714167,-0.028483708718547083,-1.0243301827376092,1
24,24,1671667200,1.06028,1.06185,1.06028,1.06179,3302,1,0,0.0013099677208654788,0.029351629762459665,0.000226035525250942,129.85405603775703,3
25,25,1671678000,1.06181,1.06443,1.06133,1.06433,8180,1,0,0.0023893300551081037,0.030193267843607707,0.041789064143191834,0.7225160089766384,4
26,26,1671688800,1.06435,1.06495,1.06352,1.06444,5839,0,0,0.00010334606378130966,0.028588299647799183,0.0731623395111058,0.3907515784601116,3
27,27,1671699600,1.06445,1.06595,1.06261,1.06464,15881,0,0,0.00018787457548646408,0.026489994575241343,0.036462011543403734,0.7265094122332807,3
28,28,1671710400,1.06464,1.06564,1.06137,1.06366,15039,0,0,-0.0009209228673226297,0.02657929369522608,0.03411949763648818,0.7790060093616844,0
29,29,1671721200,1.06369,1.06376,1.05859,1.06017,30664,0,0,-0.003286518357259598,0.029028472458345982,0.002037582074168237,14.24652917119705,2
30,30,1671732000,1.06014,1.06061,1.05767,1.05795,12738,0,0,-0.00209619928323185,0.02977500233343557,-0.03217008260646549,-0.9255494521935557,1
31,31,1671742800,1.05795,1.06033,1.05733,1.05971,12464,0,0,0.001662212446976941,0.03005539853761678,0.0037374533710260206,8.04167853186242,2
32,32,1671753600,1.05948,1.06041,1.05887,1.05889,3659,1,0,-0.0007740961398535357,0.026227897725552732,-0.05461210494380738,-0.4802579529307593,1
33,33,1671764400,1.05891,1.06124,1.05865,1.06074,8861,0,0,0.0017455881165653053,0.0260069010304077,-0.00701192235210253,-3.708954509829892,4
34,34,1671775200,1.06077,1.06113,1.06018,1.06066,5211,0,0,-7.542189123975082e-05,0.02433754941235352,-0.03784120198701913,-0.6431494808410726,1
35,35,1671786000,1.06068,1.06308,1.05962,1.06098,13522,0,0,0.0003016534401940981,0.021686077537972644,0.004185540132643276,5.181189727185181,3
36,36,1671796800,1.06098,1.06267,1.06051,1.06212,10965,0,0,0.001073901473844824,0.021385029640984345,-0.000677870357478778,-31.547373926368866,3
37,37,1671807600,1.06213,1.0633,1.0592,1.06137,36343,0,0,-0.0007063843306879246,0.02152093578501329,-0.007572725254968398,-2.841901040961917,1
38,38,1671818400,1.06137,1.063,1.06061,1.06095,16118,0,0,-0.0003957932879892863,0.021526790282936525,-0.007914821732333505,-2.7198073451225846,1
39,39,1671829200,1.06084,1.06227,1.06053,1.06163,5548,13,0,0.0006407296999534791,0.021631546006123815,0.0029392369435659667,7.359578836771084,3
40,40,1672045200,1.06282,1.06308,1.06141,1.06222,1393,14,0,0.0005555948067678459,0.021713374884757476,0.008814970777706401,2.463238442000503,3
41,41,1672056000,1.06222,1.0627,1.06161,1.06188,978,14,0,-0.00032013558957089545,0.021057378236803436,-0.013214554285391226,-1.5934989392780732,1
42,42,1672066800,1.06188,1.06324,1.06188,1.06237,798,14,0,0.0004613393044047517,0.020518220732374977,0.009378928963106712,2.187693372354794,3
43,43,1672077600,1.06237,1.06301,1.06228,1.06263,525,32,0,0.0002447058835738932,0.02041376733825949,0.01898680926154561,1.0751552331440928,3
44,44,1672088400,1.06265,1.06366,1.06249,1.06352,1172,5,0,0.0008371940380339111,0.020456987727306655,0.035255590540811226,0.5802480518267314,3
45,45,1672099200,1.06356,1.06457,1.06277,1.06425,3377,0,0,0.0006861644149899746,0.02011876441858693,0.027769950870305166,0.7244796547371725,3
46,46,1672110000,1.0643,1.06604,1.06351,1.06395,4323,1,0,-0.0002819283920562045,0.018356763267942753,-0.004285150495666528,-4.283808301833626,1
47,47,1672120800,1.06395,1.06648,1.06385,1.06639,3535,0,0,0.0022907151599898153,0.020025476070721204,0.021963278658835537,0.9117707962360719,4
48,48,1672131600,1.06641,1.06676,1.06382,1.06604,8875,0,0,-0.0003282640022348318,0.02007253005998757,0.01576961572617999,1.2728610771830084,2
49,49,1672142400,1.06607,1.06696,1.06318,1.06349,7906,0,0,-0.0023948957927798,0.021575654875059327,-0.0019180593793060568,-11.248689747480748,1
50,50,1672153200,1.06351,1.06545,1.06116,1.06499,17338,0,0,0.0014094567469002657,0.018496321094755495,0.054433641870612316,0.3397957670868483,4
51,51,1672164000,1.06498,1.06605,1.06335,1.06488,10373,0,0,-0.0001032926893170701,0.016542435060960765,0.07834852099758968,0.2111390853372928,0
52,52,1672174800,1.06488,1.06564,1.06354,1.0639,7615,0,0,-0.000920715216443381,0.016301967980894456,0.047353389036545804,0.3442619063297271,0
53,53,1672185600,1.06389,1.06424,1.06243,1.06278,4077,1,0,-0.0010532850297599024,0.01653655862489145,0.0440031223576694,0.3758042097667021,0
54,54,1672196400,1.0628,1.06425,1.06267,1.06373,6919,0,0,0.000893482808168838,0.015761890576903612,0.0337778586569118,0.4666338010647793,0
55,55,1672207200,1.06374,1.06522,1.0636,1.06462,5908,0,0,0.0008363286601125673,0.015924825376887268,0.04471886527313962,0.35610978229477824,3
56,56,1672218000,1.06458,1.06546,1.06278,1.06371,12393,0,0,-0.0008551306004736024,0.016310652204585094,0.030837456785127206,0.5289233907399155,0
57,57,1672228800,1.06371,1.06578,1.06293,1.06462,12486,0,0,0.0008551306004736836,0.016166814487039393,0.028212206304673526,0.57304325342188,0
58,58,1672239600,1.06462,1.06744,1.06115,1.06188,21828,0,0,-0.002577005893583078,0.01849142359990817,0.005764747549931682,3.207672745379338,2
59,59,1672250400,1.0619,1.06358,1.06128,1.062,13125,0,0,0.00011300073462510875,0.01843017062322728,0.011870275821304427,1.552632045006852,2
60,60,1672261200,1.062,1.06275,1.06063,1.06115,7614,0,0,-0.0008006971202339705,0.018521363356541348,-0.0054268460209449705,-3.412914846866476,1
61,61,1672272000,1.06091,1.06373,1.06055,1.06342,3972,0,0,0.0021369038099969015,0.019900889446524947,0.013548862017803698,1.4688236857364445,4
62,62,1672282800,1.06342,1.06342,1.06198,1.06228,5416,0,0,-0.001072587956242593,0.0202467145425707,0.004519433617743327,4.47992298483641,2
63,63,1672293600,1.06231,1.06287,1.0611,1.06143,4496,0,0,-0.0008004859847985206,0.020369990036986245,-0.01062246985269594,-1.9176321815416988,1
64,64,1672304400,1.06136,1.06583,1.06119,1.06564,11471,0,0,0.003958502068540401,0.024643260744607792,0.033943084366902146,0.7260171314495333,4
65,65,1672315200,1.06564,1.06566,1.06315,1.06525,11541,0,0,-0.00036604423912502034,0.0245634440500512,0.019504225040994975,1.259390926756767,2
66,66,1672326000,1.06525,1.06701,1.06362,1.0667,26888,0,0,0.0013602572514157933,0.024882861616173754,0.027593339078104795,0.9017705883924069,3
67,67,1672336800,1.06672,1.06904,1.06567,1.0675,16817,0,0,0.0007496954713424647,0.02493495359556342,0.03997282543888883,0.6237976255565026,3
68,68,1672347600,1.06749,1.06793,1.06598,1.0661,8758,0,0,-0.0013123361463500153,0.024165021216762884,-0.003263790237189138,-7.403974967942314,1
69,69,1672358400,1.06607,1.06684,1.06541,1.06683,3381,1,0,0.0006845044408426274,0.024253027010412365,0.008889431079740374,2.7282991220536807,2
70,70,1672369200,1.0668,1.06695,1.06547,1.0659,5655,0,0,-0.0008721217021808604,0.022864388077994183,0.02716272016692765,0.8417561988446591,0
71,71,1672380000,1.06585,1.06592,1.06404,1.06444,6405,0,0,-0.0013706734404656448,0.022898379689842638,-0.006198842081463281,-3.6939769377763065,1
72,72,1672390800,1.06444,1.06747,1.06386,1.06546,15326,0,0,0.0009577915188281519,0.023146108995705354,0.006534168416279384,3.542319010027134,2
73,73,1672401600,1.06548,1.06987,1.06533,1.06722,15360,0,0,0.001650505841987362,0.02353165705957975,0.0373888211174483,0.6293768125413881,4
74,74,1672412400,1.06721,1.07012,1.0645,1.06723,31055,0,0,9.370095340592002e-06,0.02313246092802585,0.050140682618654224,0.4613511368395233,3
75,75,1672423200,1.06723,1.07133,1.06707,1.07023,23346,0,0,0.002807071917053845,0.024749619947841323,0.07310375192527432,0.3385547156750594,4
76,76,1672434000,1.0701,1.07087,1.06916,1.06976,11491,13,0,-0.0004392543961018188,0.024789322214454613,0.057796755250701694,0.42890508484303974,0
77,77,1672639200,1.07016,1.07017,1.06754,1.06935,894,1,0,-0.0003833369999866511,0.024582268705163935,0.06345827845654511,0.38737686087714074,0
78,78,1672650000,1.06916,1.07005,1.06636,1.06784,5236,0,0,-0.0014130706687380333,0.025130464857267693,0.0362398632260045,0.6934481154232095,0
79,79,1672660800,1.06788,1.06898,1.06749,1.0682,2268,0,0,0.0003370723426608534,0.023100650830392963,0.07120880206093168,0.32440723845664876,0
80,80,1672671600,1.06821,1.06863,1.06585,1.06603,3728,0,0,-0.0020335209867570897,0.024456152269693963,0.0454505414043453,0.5380827491607357,0
81,81,1672682400,1.06602,1.06696,1.0651,1.06526,2957,0,0,-0.0007225671152227598,0.024418129675785445,0.04638810146447983,0.5263877784367361,0
82,82,1672693200,1.06525,1.06727,1.06499,1.06665,1658,0,0,0.001303995193946643,0.02373987139730397,0.03639319807187672,0.6523161649717517,3
83,83,1672704000,1.06642,1.0683,1.06493,1.06706,5812,1,0,0.0003843071504992305,0.023331763193384012,0.0538759393527786,0.4330646198223678,3
84,84,1672714800,1.06705,1.06784,1.06503,1.06724,11551,0,0,0.0001686735701886438,0.02304063481633,0.06550585401262457,0.3517339810864768,3
85,85,1672725600,1.06724,1.06802,1.06516,1.06522,9571,0,0,-0.0018945261380628486,0.019910862178246582,-0.004730484466614416,-4.209053495211387,1
86,86,1672736400,1.06523,1.06588,1.05339,1.05476,29913,0,0,-0.009868097701108205,0.03953562537269179,-0.11875512601041263,-0.3329172112471612,1
87,87,1672747200,1.05479,1.05551,1.05196,1.05357,19519,0,0,-0.0011288556595690712,0.03901962794450053,-0.14862448094223102,-0.26253836310901635,1
88,88,1672758000,1.05356,1.05974,1.05305,1.05555,30718,0,0,0.001877560861083123,0.03969719348111832,-0.13509009626534313,-0.2938571707221626,3
89,89,1672768800,1.05554,1.05609,1.05372,1.05567,19414,0,0,0.000113678347239258,0.03965316986859941,-0.11797792234227183,-0.3361066976036377,3
90,90,1672779600,1.05567,1.05689,1.05459,1.0547,12703,0,0,-0.0009192701453384893,0.03945445054141559,-0.13722321737644522,-0.2875202265020501,1
91,91,1672790400,1.05465,1.05612,1.05402,1.05579,9461,1,0,0.001032935571279785,0.03980550290828618,-0.1143625300949175,-0.34806420315507886,3
92,92,1672801200,1.05583,1.05698,1.05569,1.05686,6832,0,0,0.0010129459129436106,0.03996979990196881,-0.08575909785400641,-0.46607066657828117,3
93,93,1672812000,1.05687,1.05784,1.05594,1.05701,7579,0,0,0.0001419197966306741,0.039735169051104746,-0.09554955852037615,-0.4158592636786609,3
94,94,1672822800,1.05692,1.06354,1.0567,1.06109,27550,0,0,0.003852514089261926,0.04182938449657379,-0.06912545955308139,-0.6051226967171631,4
95,95,1672833600,1.06109,1.06244,1.05987,1.06071,16320,0,0,-0.0003581864493003874,0.04181735333343889,-0.07353613808877313,-0.5686639850865817,1
96,96,1672844400,1.06075,1.06286,1.05812,1.06034,33655,0,0,-0.0003488838110870142,0.040271048813625525,-0.11140760682646345,-0.3614748576042444,1
97,97,1672855200,1.06034,1.06208,1.05928,1.05991,19542,0,0,-0.0004056125512515025,0.04027124732243556,-0.11100390468825966,-0.36279126788856875,1
98,98,1672866000,1.05992,1.06103,1.05851,1.0603,19712,0,0,0.0003678880907068956,0.040368644002431585,-0.1019892035999371,-0.39581291526485146,1
99,99,1672876800,1.06015,1.06311,1.05973,1.06289,6130,0,0,0.0024397263407390716,0.04135038826850459,-0.05575563948621184,-0.7416359788812105,3
100,100,1672887600,1.06289,1.06315,1.06061,1.06069,9225,1,0,-0.0020719735419090163,0.04178040057746984,-0.08466419010105028,-0.49348373294072934,1
101,101,1672898400,1.06068,1.062,1.06017,1.06034,7416,0,0,-0.0003300283382853266,0.04132253601245416,-0.06422227831938912,-0.6434299295168203,1
102,102,1672909200,1.06027,1.06291,1.05902,1.06235,19808,0,0,0.001893823969350301,0.04193876503002725,-0.032825585304512385,-1.2776242873043946,3
103,103,1672920000,1.06238,1.0626,1.05982,1.05995,14381,0,0,-0.0022616981793861916,0.04222030720972513,-0.0756139057845064,-0.5583669666535893,1
104,104,1672930800,1.05995,1.06083,1.0515,1.05185,37280,0,0,-0.007671218602223251,0.04921714379422234,-0.17228021481717617,-0.2856807663401836,1
105,105,1672941600,1.05185,1.05433,1.05173,1.0536,20383,0,0,0.0016623528490331994,0.04981146765234696,-0.15435606347104153,-0.3227049623592662,1
106,106,1672952400,1.05362,1.05387,1.05152,1.05207,11600,0,0,-0.0014532194211443012,0.049691672085849764,-0.14906038286801898,-0.3333660569612769,1
107,107,1672963200,1.05205,1.05312,1.05178,1.0529,6029,0,0,0.0007886098547866008,0.036617324958276014,-0.02117989219728128,-1.7288721121525035,1
108,108,1672974000,1.05292,1.05362,1.05225,1.05321,7096,0,0,0.00029438158713338653,0.03643711127360428,-0.004101045236851788,-8.884835247897831,3
109,109,1672984800,1.05317,1.05345,1.05104,1.05127,6481,0,0,-0.0018436863733882357,0.036280023039164944,-0.048756012050508085,-0.7441138336248908,1
110,110,1672995600,1.05124,1.0531,1.04968,1.05075,18571,0,0,-0.0004947621912325734,0.03627634161258412,-0.05605729851217007,-0.6471296793709833,1
111,111,1673006400,1.05075,1.05161,1.04832,1.04946,14268,0,0,-0.0012284487381993218,0.03636686948216485,-0.05976744162650006,-0.6084729158967428,1
112,112,1673017200,1.04947,1.06125,1.04865,1.06019,43359,0,0,0.010172391179588415,0.051160814921611175,0.04990602567320349,1.0251430409751388,4
113,113,1673028000,1.06018,1.06437,1.05967,1.06378,20285,0,0,0.003380465278454999,0.052281060347063264,0.07831625805934016,0.6675633085974301,4
114,114,1673038800,1.06378,1.06481,1.06378,1.06427,9925,0,0,0.00046051550354539087,0.052279743747486146,0.08213940654231676,0.6364757909536704,3
115,115,1673222400,1.06394,1.06675,1.0636,1.06612,5658,0,0,0.0017367716380799689,0.05097904674561969,0.05675049712813328,0.8983013246653575,3
116,116,1673233200,1.06613,1.06777,1.06551,1.06675,9906,1,0,0.0005907533214140423,0.05094819283674264,0.06813777437670644,0.7477231726864235,3
117,117,1673244000,1.06673,1.06863,1.06667,1.06818,6631,0,0,0.0013396225767166676,0.051025295299115245,0.08839985103035061,0.5772101955420328,3
118,118,1673254800,1.06819,1.06997,1.06599,1.06724,21400,0,0,-0.0008803889265014708,0.051140352210330794,0.08270253452735099,0.6183649933173196,0
119,119,1673265600,1.06727,1.06937,1.06614,1.06889,15015,0,0,0.001544850105707279,0.05131409241933904,0.0968260787073556,0.5299614845957906,3
120,120,1673276400,1.06889,1.07493,1.06853,1.07403,25851,0,0,0.004797201815554058,0.053121954519263784,0.12511578440513543,0.4245823560299189,4
121,121,1673287200,1.07403,1.07607,1.07377,1.07433,17838,0,0,0.0002792828035803994,0.05230771576863897,0.15333086055100845,0.3411427783074224,3
122,122,1673298000,1.07431,1.07539,1.07301,1.07318,12987,0,0,-0.001071007920732765,0.05253769843544948,0.1444391055616392,0.36373597185582884,0
123,123,1673308800,1.07293,1.07382,1.07204,1.07275,7195,1,0,-0.00040075865079949115,0.05241208180921865,0.11690411411984167,0.44833393763618584,0
124,124,1673319600,1.07274,1.07425,1.07212,1.07324,8697,0,0,0.0004566656960333729,0.05146832971829474,0.14952448062487644,0.34421339905816023,3
125,125,1673330400,1.07325,1.07441,1.07262,1.07341,6584,0,0,0.00015838632320627744,0.041880448498825745,0.2434797397300308,0.17200794014837784,3
126,126,1673341200,1.07346,1.07518,1.07222,1.07461,18064,0,0,0.0011173081487489249,0.04180879044844352,0.23693920332661947,0.1764536634775897,3
127,127,1673352000,1.07461,1.07461,1.07154,1.07194,13745,0,0,-0.0024877141245165744,0.04269909495238603,0.2245252668861522,0.19017501034321022,0
128,128,1673362800,1.07195,1.07593,1.07121,1.07277,30235,0,0,0.000773997455540414,0.04269956633920161,0.22434991809519797,0.1903257496224402,0
129,129,1673373600,1.07277,1.07438,1.07242,1.0738,18460,0,0,0.0009596706178227559,0.042644740781493065,0.23233338646347035,0.1835497748757606,3
130,130,1673384400,1.07381,1.07441,1.07306,1.07334,8879,0,0,-0.000428476957290014,0.04176093618007168,0.2493158994566491,0.16750209782482423,0
131,131,1673395200,1.07329,1.07451,1.07307,1.07451,6019,0,0,0.0010894616623372897,0.04141067059723127,0.2683265856994874,0.1543293613239248,3
132,132,1673406000,1.07451,1.07451,1.07252,1.07334,5440,0,0,-0.0010894616623372381,0.041316382287156,0.2699944306098324,0.1530267946410424,0
133,133,1673416800,1.0734,1.07568,1.0732,1.07459,4648,0,0,0.0011639114320423985,0.024795721718285025,0.1618926736392802,0.15316148137458896,3
134,134,1673427600,1.07459,1.07575,1.07255,1.07417,16673,0,0,-0.00039092314204336215,0.022919168368956366,0.11663601259329988,0.19650164524119673,0
135,135,1673438400,1.07417,1.07555,1.07282,1.07407,13492,0,0,-9.309946753825015e-05,0.02299996958363366,0.10999263294029618,0.20910463699980714,0
136,136,1673449200,1.07407,1.07765,1.07393,1.0755,21812,0,0,0.0013304988541446483,0.022752292109721965,0.10511735953307234,0.2164465718201718,3
137,137,1673460000,1.07551,1.07671,1.0735,1.07533,14486,0,0,-0.00015807850955584245,0.022828041107334905,0.09613137756143372,0.23746711725572034,0
138,138,1673470800,1.07533,1.07638,1.07477,1.07556,7643,0,0,0.00021386495904185908,0.022564255147115627,0.08262228614933603,0.2731013168327461,3
139,139,1673481600,1.07535,1.07746,1.0749,1.07611,6901,1,0,0.0005112308225504609,0.022136232683008232,0.09932172313795921,0.22287402980575263,3
140,140,1673492400,1.07612,1.07712,1.07605,1.07686,6514,0,0,0.0006967120120931066,0.021772700911094043,0.08914406601458913,0.2442417300948643,3
141,141,1673503200,1.07686,1.07752,1.07567,1.07574,6068,0,0,-0.0010406021565235618,0.015143361770832253,0.01909041834965769,0.7932441025371133,0
142,142,1673514000,1.07571,1.07735,1.07427,1.07655,15937,0,0,0.0007526867087996793,0.015311393630659172,0.024771265212289048,0.618111085543712,0
143,143,1673524800,1.07654,1.07685,1.07518,1.07629,13569,0,0,-0.00024154140694524926,0.01477340362224218,0.034724863377739244,0.42544166298182856,0
144,144,1673535600,1.07628,1.08386,1.07302,1.0807,51390,0,0,0.004089037171874679,0.019980463469947904,0.08860241324982929,0.2255069894497078,4
145,145,1673546400,1.08069,1.0867,1.08025,1.08557,27989,0,0,0.004496215341858992,0.0246115848814675,0.1370770089997367,0.17954568064375237,4
146,146,1673557200,1.08557,1.08561,1.08397,1.08515,12870,0,0,-0.0003869683839840779,0.024791085437104864,0.13053275251345245,0.18992233718928084,0
147,147,1673568000,1.08497,1.08678,1.08385,1.08522,7314,0,0,6.450513048394664e-05,0.024738598974361238,0.1178991162942727,0.20982853605632149,0
148,148,1673578800,1.08522,1.08563,1.08314,1.08454,8792,0,0,-0.0006267974543386956,0.022692570667567746,0.14023011633640725,0.16182380262117907,0
149,149,1673589600,1.08454,1.0851,1.08319,1.08451,7243,0,0,-2.7661879626407962e-05,0.022765548101547635,0.13061020431440537,0.17430145080200873,0
150,150,1673600400,1.08453,1.08645,1.08332,1.08426,21190,0,0,-0.00023054542538619155,0.022848001224721498,0.11632761179589801,0.19641081658935228,0
151,151,1673611200,1.08425,1.08518,1.08034,1.08119,17006,0,0,-0.002835440261219045,0.025407517212175816,0.08744405214874963,0.29055740885561326,0
152,152,1673622000,1.0812,1.08388,1.07805,1.08296,28541,0,0,0.00163574650062217,0.025677695795594223,0.09399947020816822,0.27316851614939125,4
153,153,1673632800,1.08294,1.08346,1.08012,1.08312,16095,0,0,0.00014773230932483788,0.02514191382055012,0.10884579786811313,0.2309865361179511,3
154,154,1673643600,1.08312,1.08358,1.08267,1.08323,7672,0,0,0.00010155330403155114,0.02502124781991061,0.09609750033198296,0.26037355533152295,3
155,155,1673827200,1.08295,1.08442,1.08193,1.08416,5599,1,0,0.0008581750926931894,0.02490937739116512,0.11108667914882156,0.22423370274481166,3
156,156,1673838000,1.08416,1.08742,1.08405,1.086,8727,0,0,0.0016957279103005211,0.02519538953232018,0.13255260768288682,0.1900784146970277,4
157,157,1673848800,1.086,1.08639,1.0836,1.08395,5701,0,0,-0.0018894450193557956,0.026342839535448463,0.0939132812008815,0.2805017479806807,0
158,158,1673859600,1.08395,1.08424,1.08016,1.0821,16861,0,0,-0.0017081788969220241,0.02726740503169252,0.07531207655248731,0.3620588659866393,0
159,159,1673870400,1.0821,1.08367,1.08145,1.08153,10704,0,0,-0.0005268923181751404,0.027416830508657963,0.06642298922588331,0.4127611664001164,0
160,160,1673881200,1.08152,1.08293,1.0806,1.08252,11544,0,0,0.0009149511971196959,0.027498326890206926,0.07126763372071415,0.3858459367118633,3
161,161,1673892000,1.08253,1.08267,1.08109,1.08129,5065,0,0,-0.0011368836750746158,0.027881494955055083,0.04926448547470148,0.5659552654695422,0
162,162,1673902800,1.0813,1.08247,1.08125,1.0821,1570,0,0,0.0007488247961299169,0.02756922871586475,0.07073760890654322,0.38973933586430004,0
163,163,1673913600,1.08197,1.08337,1.08162,1.08287,5889,0,0,0.0007113262839368385,0.027560677814966527,0.07024128380818913,0.39237149893540735,3
164,164,1673924400,1.08287,1.08327,1.0806,1.08251,7779,0,0,-0.0003325051522751115,0.027584105523998124,0.06914971886423078,0.3989040877831625,0
165,165,1673935200,1.08251,1.08356,1.08136,1.08146,5802,0,0,-0.0009704386681914863,0.024118483857943056,0.008436008783436807,2.858992264837028,2
166,166,1673946000,1.08146,1.08388,1.0811,1.08172,18263,0,0,0.00024038683905352237,0.01790059607290239,-0.04263393325022883,-0.41986733825001504,1
167,167,1673956800,1.08174,1.08578,1.08088,1.08529,17979,0,0,0.0032948654871927576,0.021515005701450398,0.0015480732038931945,13.897925270809592,4
168,168,1673967600,1.08527,1.08694,1.07952,1.08017,32220,0,0,-0.004728796228892761,0.027047268102111978,-0.0559715431086273,-0.4832324892243856,1
169,169,1673978400,1.08017,1.08092,1.07745,1.07953,15699,0,0,-0.0005926749259008553,0.02704109275854488,-0.055562072767373225,-0.4866825770118454,1
170,170,1673989200,1.07954,1.08038,1.07868,1.07876,10375,0,0,-0.0007135278694418916,0.027083813115481335,-0.06379246464515902,-0.42456132187607254,1
171,171,1674000000,1.07879,1.07932,1.07824,1.07843,4412,0,0,-0.00030595358088452877,0.027084280025084284,-0.06469736251113907,-0.4186303579287507,1
172,172,1674010800,1.07843,1.07993,1.07661,1.07731,16130,0,0,-0.001039086439711751,0.025603667023072055,-0.043141116653051544,-0.5934864233807682,1
173,173,1674021600,1.07731,1.0791,1.07671,1.07895,12750,0,0,0.0015211526589871782,0.025504652991181705,-0.04451624275267145,-0.5729291470729783,3
174,174,1674032400,1.07897,1.08715,1.07893,1.08699,26533,0,0,0.007424062465402717,0.03667843092182224,0.042799719120263105,0.8569783091043044,4
175,175,1674043200,1.08699,1.087,1.08114,1.0824,17491,0,0,-0.004231610590299449,0.03972505052841179,-0.0091982476117089,-4.318762899777108,1
176,176,1674054000,1.08237,1.08874,1.08223,1.08334,35491,0,0,0.0008680636263140834,0.03972787130152057,-0.009079585208258176,-4.375516104566846,1
177,177,1674064800,1.08334,1.08357,1.07868,1.07966,24021,0,0,-0.0034026847440284196,0.040837889637348385,-0.07026053706020546,-0.5812350907929277,1
178,178,1674075600,1.07966,1.07974,1.07872,1.07936,10959,0,0,-0.00027790386557857455,0.040416442688197815,-0.05092204321487881,-0.7936924784744029,1
179,179,1674086400,1.07903,1.07982,1.07863,1.07875,6722,1,0,-0.000565309475647749,0.040072263344785836,-0.03720761015958751,-1.0769910556714477,1
180,180,1674097200,1.07875,1.08056,1.07822,1.08006,7027,0,0,0.001213631733030485,0.04031755596176329,-0.016321321545120004,-2.470238445477967,3
181,181,1674108000,1.08005,1.08033,1.07908,1.07911,7266,0,0,-0.0008799678221744092,0.040247379415518175,-0.03786034977664927,-1.063048272214884,1
182,182,1674118800,1.07914,1.08293,1.07825,1.08249,18064,0,0,0.0031273156501929493,0.04161766047625897,0.013310042126561516,3.1267865330949465,4
183,183,1674129600,1.0825,1.08382,1.0805,1.0809,16164,0,0,-0.0014699155365295175,0.04185914519223711,-0.0133148418653517,-3.1437958945020816,1
184,184,1674140400,1.08092,1.08253,1.07836,1.07892,29083,0,0,-0.0018334866374752664,0.04220065977316901,-0.043852596922296955,-0.9623297759981002,1
185,185,1674151200,1.07892,1.08352,1.07874,1.08285,18248,0,0,0.0036359134685979067,0.04420437187477603,0.0037684265281792556,11.730193369627326,4
186,186,1674162000,1.08285,1.08401,1.08212,1.08294,10436,0,0,8.311055093220861e-05,0.04405887491231528,0.016411017157663597,2.6847132319120584,3
187,187,1674172800,1.08291,1.08404,1.08264,1.08311,3385,0,0,0.00015696775268268825,0.044055641305514245,0.015409988121213586,2.858901704464437,3
188,188,1674183600,1.08314,1.0844,1.08281,1.08343,4888,0,0,0.0002954018871813681,0.042478650992291485,-0.02058357507892309,-2.063715891404513,3
189,189,1674194400,1.08343,1.08368,1.08238,1.08244,5236,0,0,-0.0009141823553098838,0.039145012178356045,0.025191791404071438,1.5538796566896598,2
190,190,1674205200,1.08247,1.08591,1.08207,1.0831,16059,0,0,0.0006095477529255092,0.03909848782508309,0.03961846354998782,0.9868754192284954,0
191,191,1674216000,1.08311,1.08474,1.08141,1.08185,14617,0,0,-0.001154761208252792,0.03925187721339741,0.034323663484257014,1.1435806446302208,2
192,192,1674226800,1.08185,1.08478,1.08024,1.0831,21772,0,0,0.0011547612082527373,0.03937052518874279,0.051852240953904206,0.7592830023246737,0
193,193,1674237600,1.0831,1.08504,1.08273,1.08475,15221,0,0,0.0015222458367688066,0.039349889683939696,0.08258822827167091,0.4764588187374561,3
194,194,1674248400,1.08476,1.08586,1.08457,1.08557,8240,0,0,0.0007556489725187184,0.03914618550241191,0.07340218403404937,0.5333109091720352,3
195,195,1674432000,1.08622,1.08872,1.0859,1.08849,4476,0,0,0.0026862200268982007,0.030825000994381915,0.01654807477199519,1.8627545148966818,4
196,196,1674442800,1.08848,1.0903,1.08806,1.08985,6152,0,0,0.0012486573966443782,0.02677900056154898,0.08231129061532112,0.3253381202185212,3
197,197,1674453600,1.08986,1.0913,1.08874,1.09007,6858,0,0,0.00020184227012641636,0.02670863358770487,0.07431663434106912,0.35938970897320427,3
198,198,1674464400,1.09007,1.09267,1.08923,1.09118,17338,0,0,0.0010177651308339046,0.023150402249969816,0.12736203283941702,0.18176847317723593,3
199,199,1674475200,1.09118,1.09153,1.08669,1.08711,14906,0,0,-0.0037368805220754403,0.027345811662860986,0.08585431296145463,0.31851412840655113,0
200,200,1674486000,1.08714,1.08779,1.08464,1.08645,23759,0,0,-0.0006072986439617928,0.02736372118236995,0.0853504429416861,0.32060432540538353,0
201,201,1674496800,1.08645,1.0876,1.08567,1.08664,14513,0,0,0.0001748662047906143,0.02718121495896157,0.07288525660280763,0.37293159447989804,0
202,202,1674507600,1.08665,1.08718,1.08478,1.08715,11277,0,0,0.00046922656683251484,0.026849768601944782,0.08907558927089074,0.30142678619044616,3
203,203,1674518400,1.08705,1.08756,1.0867,1.08736,2807,0,0,0.00019314696244486127,0.024882152225139887,0.05386556501791368,0.46193058992075936,3
204,204,1674529200,1.08737,1.0883,1.08718,1.08746,2978,0,0,9.196163367134745e-05,0.02412730879723169,0.07260809106032406,0.3322950437739274,3
205,205,1674540000,1.08746,1.08919,1.08694,1.08879,4202,0,0,0.0012222861946771457,0.023039186350828387,0.109277365046153,0.21083219147073914,3
206,206,1674550800,1.08879,1.0898,1.08519,1.08609,15861,0,0,-0.0024828968835748162,0.022052456080739535,0.03585164082008032,0.6151031187500927,0
207,207,1674561600,1.08605,1.08764,1.08522,1.08597,11765,0,0,-0.00011049418535581622,0.0220691919752376,0.03352838398462402,0.6582241477954452,0
208,208,1674572400,1.08598,1.08808,1.08352,1.08753,27410,0,0,0.0014354729863130667,0.022526312608603907,0.04887044678818857,0.4609393629290138,4
209,209,1674583200,1.08753,1.08889,1.08671,1.08791,14392,0,0,0.00034935461687254585,0.022530149846513754,0.0495178795444827,0.45499019856604644,3
210,210,1674594000,1.08792,1.0889,1.08741,1.08879,7277,0,0,0.0008085634657448716,0.022248677297647772,0.07019082939713978,0.3169741330703579,3
211,211,1674604800,1.08856,1.08906,1.08791,1.08871,4447,0,0,-7.347876007880726e-05,0.022246448356743914,0.06199451124108797,0.3588454511760016,0
212,212,1674615600,1.08871,1.09015,1.08842,1.08972,4763,0,0,0.0009272733779552724,0.0217584061717914,0.08697892627558473,0.2501572174258842,3
213,213,1674626400,1.08973,1.09113,1.08919,1.09063,5098,0,0,0.0008347284177663402,0.021636264771062223,0.08313853278974798,0.26024352421252067,3
214,214,1674637200,1.09064,1.09113,1.08676,1.08813,14509,0,0,-0.002294884335297309,0.02298437342029169,0.03733297072495459,0.6156588391967472,0
215,215,1674648000,1.08814,1.08814,1.08574,1.08742,13334,0,0,-0.000652708533664292,0.023033072884838506,0.02043268065075846,1.1272663278268151,2
216,216,1674658800,1.08739,1.09236,1.08646,1.09024,23910,0,0,0.0025899374340597283,0.022897877385114153,0.019277289536696787,1.187816230156481,4
217,217,1674669600,1.09021,1.09184,1.08742,1.09093,14366,0,0,0.000632687982153449,0.022598031652398372,0.01188565656280564,1.9012859351090023,3
218,218,1674680400,1.09093,1.09179,1.09065,1.09147,8771,0,0,0.0004948680452898455,0.02264604992350989,0.01540196586476679,1.470335028810479,3
219,219,1674691200,1.09152,1.09246,1.09092,1.09156,3231,0,0,8.2454203607868e-05,0.022378410614417258,0.00417823473805435,5.355948628400438,3
220,220,1674702000,1.09159,1.09217,1.09071,1.09131,4956,0,0,-0.00022905624347132372,0.017794828314790206,0.046272126081303745,0.3845690661268363,0
221,221,1674712800,1.09131,1.09294,1.09089,1.09204,4384,0,0,0.0006686972104351465,0.017628438665418196,0.061584076334067026,0.28624994827869993,3
222,222,1674723600,1.09204,1.0928,1.08926,1.08957,14756,0,0,-0.0022643836940577505,0.019657928630008033,0.03231307754788664,0.6083582908769924,0
223,223,1674734400,1.08957,1.0908,1.08869,1.0893,9488,0,0,-0.00024783488815940025,0.019658139023066123,0.023708340087983663,0.8291655573571621,0
224,224,1674745200,1.08929,1.09177,1.08509,1.08552,29178,0,0,-0.0034761532507022485,0.023213084728976627,-0.020323262469781653,-1.1421928326464221,1
225,225,1674756000,1.08552,1.08883,1.08506,1.08863,12580,0,0,0.002860890114480744,0.025355375259438245,0.012903879299931104,1.9649420666522834,4
226,226,1674766800,1.08863,1.08946,1.08823,1.08917,5811,0,0,0.0004959133171703511,0.025055744100099833,0.00418740476984957,5.9835973537853,3
227,227,1674777600,1.08909,1.09003,1.08849,1.08964,4062,0,0,0.0004314281716075312,0.023369703554448455,0.039159305432037744,0.5967854459269545,3
228,228,1674788400,1.08961,1.08992,1.08706,1.08736,4870,0,0,-0.002094626397443405,0.024630851783874547,0.015349718886986675,1.6046451381436253,2
229,229,1674799200,1.08736,1.0874,1.08657,1.08699,4588,0,0,-0.00034033159663488655,0.02414557187393361,-0.005959936108388765,-4.051313879010899,1
230,230,1674810000,1.08697,1.08924,1.08658,1.08839,11493,0,0,0.0012871316214018253,0.024543361632904485,0.00529338794596259,4.636607383296811,3
231,231,1674820800,1.08839,1.08954,1.08663,1.08669,9000,0,0,-0.0015631612135265805,0.02495610537384888,-0.023167308205294838,-1.077212128085956,1
232,232,1674831600,1.08668,1.08791,1.08378,1.08385,25319,0,0,-0.0026168618138204852,0.026443334180372487,-0.05368790485019497,-0.49253801678715453,1
233,233,1674842400,1.08385,1.08719,1.08381,1.0866,14142,0,0,0.0025340380764902358,0.027863997459502764,-0.034406728467775406,-0.8098415252005019,4
234,234,1674853200,1.0866,1.08731,1.0864,1.08673,6263,0,0,0.00011963208546782792,0.027659286542988683,-0.04298788445535756,-0.6434205100674946,3
235,235,1675036800,1.08618,1.08752,1.08579,1.08745,2680,0,0,0.0006623186914790236,0.02667715987182869,-0.007501448134041562,-3.5562679892123463,3
236,236,1675047600,1.08745,1.08753,1.08613,1.08686,5605,0,0,-0.0005427009161350887,0.026647498329701126,-0.0061813567236911225,-4.310946531781601,1
237,237,1675058400,1.08685,1.08793,1.08583,1.08621,8369,0,0,-0.0005982320122087672,0.02494015080608292,-0.04443939007891307,-0.561217216568354,1
238,238,1675069200,1.08619,1.09041,1.08531,1.09019,16083,0,0,0.003657419993210365,0.0281685360606715,-0.00814260594623007,-3.45940062022935,4
239,239,1675080000,1.0902,1.09138,1.08907,1.09039,12288,0,0,0.00018343743459154927,0.028115706581552498,-0.011879773274609632,-2.366687135489661,3
240,240,1675090800,1.0904,1.09112,1.08676,1.08708,18751,0,0,-0.003040227924630989,0.029955108958995544,-0.049351958813475906,-0.6069689973646211,1
241,241,1675101600,1.08708,1.08748,1.08502,1.08545,13350,0,0,-0.0015005549344323872,0.030294773996217824,-0.06460994310500869,-0.46888717959371357,1
242,242,1675112400,1.08546,1.08556,1.08393,1.085,7683,0,0,-0.00041466056020448135,0.03010983039072064,-0.07761023635268421,-0.3879621014667773,1
243,243,1675123200,1.0848,1.08572,1.08453,1.08539,4763,0,0,0.00035938241901014624,0.02932330485536897,-0.04612504299586945,-0.6357350140138602,1
244,244,1675134000,1.0854,1.08601,1.08442,1.08446,4804,0,0,-0.0008572021632340879,0.029416104542096085,-0.05343745029676569,-0.5504773221539071,1
245,245,1675144800,1.08446,1.08469,1.08317,1.08395,4718,0,0,-0.0004703907558107717,0.026953340387277723,-0.017368300358067974,-1.551869776063452,1
246,246,1675155600,1.08396,1.08498,1.08017,1.08296,16447,0,0,-0.0009137435969943632,0.02487510618007566,-0.06266390489576927,-0.3969606781041041,1
247,247,1675166400,1.08295,1.08388,1.08203,1.08262,11731,0,0,-0.0003140036413280215,0.024727427938238452,-0.07238290839774973,-0.341619706718046,1
248,248,1675177200,1.08261,1.08646,1.08261,1.08597,27805,0,0,0.0030895675667277733,0.02728321468822345,-0.04048523565630683,-0.673905295249856,4
249,249,1675188000,1.08597,1.0875,1.08508,1.08724,13021,0,0,0.0011687781158495549,0.026704419641394826,-0.001324381496791309,-20.163691282378892,3
250,250,1675198800,1.08725,1.08741,1.08599,1.08614,7545,0,0,-0.0010122482896923932,0.026911285781417,-0.009387381813481388,-2.8667509552843815,1
251,251,1675209600,1.08607,1.08654,1.08577,1.08624,2677,0,0,9.206492424951537e-05,0.026485294326891867,-0.02372818217930911,-1.1161956751152622,1
252,252,1675220400,1.08624,1.08637,1.08523,1.08628,3863,0,0,3.6823596564688006e-05,0.025941484992662404,-0.004528364458213886,-5.7286654446745775,3
253,253,1675231200,1.08627,1.08769,1.08626,1.08697,3104,0,0,0.0006349936944070879,0.024225701834675654,0.03449390164051699,0.7023184007175294,3
254,254,1675242000,1.08697,1.08886,1.08667,1.08833,13306,0,0,0.0012504024062864533,0.023002498518521954,0.019090273598071604,1.2049328890103252,3
255,255,1675252800,1.08825,1.08979,1.08792,1.08914,9923,0,0,0.000743982729830407,0.023118889421270463,0.026582481330422555,0.8697039653259098,3
256,256,1675263600,1.08917,1.09247,1.08877,1.09197,21179,0,0,0.002595010419575682,0.024625728408843486,0.04977478206758245,0.49474306839570964,4
257,257,1675274400,1.09197,1.09241,1.09048,1.09162,11783,0,0,-0.0003205730040873082,0.024553515373527634,0.052440317012155825,0.468218286472907,0
258,258,1675285200,1.09057,1.10014,1.08885,1.09886,35813,0,0,0.006610447358066938,0.032863037162418354,0.1389444694554643,0.2365192172902708,4
259,259,1675296000,1.0987,1.10329,1.09838,1.10188,7712,0,0,0.0027445331076541707,0.03191434769360495,0.12798982682878995,0.24935065922306687,4
260,260,1675306800,1.1019,1.10213,1.10064,1.10176,7231,0,0,-0.00010891071147597332,0.031967820405252326,0.12448164907597968,0.25680749445840145,0
261,261,1675317600,1.10173,1.10255,1.10045,1.10052,6088,0,0,-0.001126105791305893,0.02992377872954158,0.14745111467588085,0.2029403358212546,0
262,262,1675328400,1.10057,1.10148,1.09888,1.09987,15423,0,0,-0.0005908043745944642,0.029283931081491438,0.1583681213939359,0.18491051623103202,0
263,263,1675339200,1.09987,1.10043,1.09806,1.09842,17633,0,0,-0.0013192073932803544,0.029852038974308687,0.14751355939702543,0.2023681015923655,0
264,264,1675350000,1.09842,1.10039,1.08853,1.09369,37220,0,0,-0.004315483566719331,0.03435141449448802,0.09141516756827171,0.37577368623027796,0
265,265,1675360800,1.09366,1.0949,1.09057,1.09193,15503,0,0,-0.0016105273381683532,0.03478489827418822,0.08237526546906053,0.42227358025635914,0
266,266,1675371600,1.09193,1.09225,1.09053,1.09099,15506,0,0,-0.0008612317978684842,0.034923842314085296,0.07768517296436796,0.4495560862058439,0
267,267,1675382400,1.09081,1.09115,1.08923,1.08974,3985,0,0,-0.0011464052284331733,0.03503554082098784,0.07489323338710226,0.4678064924757473,0
268,268,1675393200,1.08968,1.08996,1.08879,1.08939,5480,0,0,-0.00032122911713341096,0.03503713794592345,0.07480652767743758,0.4683700611930824,0
269,269,1675404000,1.08939,1.08999,1.08872,1.08984,4875,0,0,0.0004129899151498064,0.03354402804530376,0.04268759585850197,0.7858026991375502,3
270,270,1675414800,1.08977,1.0931,1.0882,1.09301,15900,0,0,0.0029044618077129283,0.03471404945184405,0.06351580016086246,0.5465419527727899,4
271,271,1675425600,1.09299,1.09371,1.09247,1.09328,11654,0,0,0.0002469937669500003,0.034408919857677,0.07862670484057119,0.4376238318450055,3
272,272,1675436400,1.09318,1.09402,1.08094,1.08584,43403,0,0,-0.006828471042758564,0.04239171597480325,-0.004419726763525773,-9.591478895176287,1
273,273,1675447200,1.08584,1.08617,1.08054,1.08119,20300,0,0,-0.0042915946128009655,0.044899336468563054,-0.056360745275913615,-0.7966419934434629,1
274,274,1675458000,1.08118,1.08146,1.07923,1.07932,10650,0,0,-0.0017310731882494437,0.045076966730934226,-0.08475354786779199,-0.5318593482511232,1
275,275,1675641600,1.078,1.07978,1.07786,1.07887,8522,0,0,-0.00041701611676575953,0.044705970387729735,-0.10476257014441856,-0.4267360978840164,1
276,276,1675652400,1.07885,1.07982,1.07822,1.07902,9056,0,0,0.00013902469564407982,0.04455710728075139,-0.11202206655465448,-0.39775294860332194,1
277,277,1675663200,1.07902,1.07989,1.07865,1.07873,6393,0,0,-0.0002687985185922206,0.04317864027075067,-0.14638777381266932,-0.29496070024267096,1
278,278,1675674000,1.07873,1.07965,1.07652,1.07667,16892,0,0,-0.0019114787299128694,0.043408868554671666,-0.16547864252257605,-0.2623230883027666,1
279,279,1675684800,1.07667,1.07832,1.07568,1.07732,12738,0,0,0.0006035311396342144,0.03488943934282607,-0.2375616371437687,-0.14686478743919207,1
280,280,1675695600,1.0773,1.07779,1.07221,1.07301,23152,0,0,-0.004008692406903544,0.0337201236583273,-0.3186003433184613,-0.10583831551186337,1
281,281,1675706400,1.07303,1.07394,1.07095,1.07264,14036,0,0,-0.0003448838381539217,0.03362803097776939,-0.32143202083859673,-0.10461941809666593,1
282,282,1675717200,1.07263,1.07373,1.07185,1.07249,8285,0,0,-0.0001398516642297115,0.033856024754698094,-0.3095969713136825,-0.10935515490038594,1
283,283,1675728000,1.07242,1.07363,1.07203,1.07362,5068,0,0,0.0010530682065936613,0.034714227558114645,-0.28987050033942496,-0.11975771083109833,3
284,284,1675738800,1.07365,1.07427,1.07336,1.07383,7432,0,0,0.00019558080576453303,0.03501662715032047,-0.27169304195088634,-0.12888304720240273,3
285,285,1675749600,1.07382,1.07438,1.07286,1.07393,6818,0,0,9.31202742133109e-05,0.033162265341067566,-0.21878979585969466,-0.15157135281726683,3
286,286,1675760400,1.07392,1.07398,1.06971,1.0711,19904,0,0,-0.0026386592653667527,0.033640051419941794,-0.2311273789860754,-0.1455476697201178,1
287,287,1675771200,1.07109,1.07227,1.06982,1.07055,14911,0,0,-0.0005136226853979426,0.0336688738757106,-0.22695606963642895,-0.1483497397961036,1
288,288,1675782000,1.07053,1.07065,1.06692,1.06928,21667,0,0,-0.0011870103224259523,0.03367290236032816,-0.22744333076434234,-0.14804963613207542,1
289,289,1675792800,1.06928,1.07664,1.06874,1.07021,35582,0,0,0.0008693661186305279,0.034180638012948614,-0.21315618793517502,-0.16035489442766548,1
290,290,1675803600,1.0702,1.07298,1.07014,1.07267,15775,0,0,0.002295976518198856,0.035645442836276964,-0.1905603486985864,-0.18705592784497976,4
291,291,1675814400,1.07233,1.07341,1.07182,1.07321,3317,0,0,0.0005032900361610414,0.033440703903453196,-0.21937440995720908,-0.15243666711161116,3
292,292,1675825200,1.07318,1.0735,1.0723,1.07324,5613,0,0,2.7953131917325907e-05,0.033356976332184596,-0.22200289757760114,-0.15025468899803282,3
293,293,1675836000,1.07323,1.07396,1.07272,1.07272,4345,0,0,-0.00048463159628105086,0.02539335911591996,-0.145876824219871,-0.1740739781779602,1
294,294,1675846800,1.07272,1.07609,1.0724,1.07553,16408,0,0,0.002616084350157257,0.0238983079079601,-0.06298467666437232,-0.3794305087141668,4
295,295,1675857600,1.07553,1.07558,1.0733,1.07338,11135,0,0,-0.0020010151354820987,0.024126313718223148,-0.0662239800311642,-0.36431385892043333,1
296,296,1675868400,1.07338,1.07433,1.07137,1.07253,22515,0,0,-0.0007922047471274826,0.024191451958846866,-0.07072624359550489,-0.34204350081423507,1
297,297,1675879200,1.07253,1.07402,1.07187,1.0734,16330,0,0,0.0008108373037942488,0.02444887432078234,-0.06266449229770284,-0.39015514886216657,3
298,298,1675890000,1.07341,1.07342,1.07094,1.07129,8492,0,0,-0.001967650971249887,0.025164308735783236,-0.08305072172959485,-0.30299927817263045,1
299,299,1675900800,1.07095,1.0719,1.07083,1.07159,7014,0,0,0.0002799970151944673,0.024566477484019845,-0.05675301278830681,-0.4328664907298355,1
300,300,1675911600,1.07159,1.07328,1.07093,1.07296,6031,0,0,0.0012776574911907866,0.024960845729895542,-0.048663496569627936,-0.5129275019147352,3
301,301,1675922400,1.07296,1.07449,1.07268,1.07398,6595,0,0,0.0009501896436259324,0.021007619110174916,0.010843088036725783,1.937420321500816,3
302,302,1675933200,1.07398,1.0769,1.07241,1.07638,16389,0,0,0.002232185305279247,0.02226709794797823,0.04176791775792381,0.5331148676606923,4
303,303,1675944000,1.07638,1.07785,1.07587,1.07695,11911,0,0,0.0005294125965954394,0.022272058432325922,0.04979908888782562,0.4472382714168647,3
304,304,1675954800,1.07694,1.07908,1.07616,1.07629,19970,0,0,-0.0006130296861189208,0.022213473790347864,0.029805914175274634,0.74527067546799,0
305,305,1675965600,1.07628,1.07634,1.07378,1.07413,14253,0,0,-0.002008910562987454,0.023397892127974565,0.003352017750250789,6.980241117823435,2
306,306,1675976400,1.07413,1.07457,1.07317,1.07386,8508,0,0,-0.0002513978197496038,0.023413515218893653,-0.0007821993773041865,-29.932924901560565,1
307,307,1675987200,1.07361,1.0742,1.07257,1.07346,4192,0,0,-0.00037255742472156345,0.021431516518917726,0.026411022710438086,0.8114610613108756,0
308,308,1675998000,1.07346,1.07386,1.07175,1.07208,6509,0,0,-0.0012863896178136958,0.021875077814344175,0.017137819521449046,1.2764212965929624,2
309,309,1676008800,1.07208,1.07292,1.07173,1.07231,6483,0,0,0.00021451321903404323,0.021395444494725604,0.033956102018968995,0.6300913009029542,0
310,310,1676019600,1.07231,1.07529,1.07042,1.07068,24231,0,0,-0.0015212393098813209,0.021956527383674318,0.005268836876826811,4.167243719433153,2
311,311,1676030400,1.07067,1.07114,1.06813,1.06832,13003,0,0,-0.002206639511566939,0.021615479777717328,-0.048762555480362735,-0.4432802908867674,1
312,312,1676041200,1.06832,1.07069,1.06746,1.06769,23100,0,0,-0.0005898848959209673,0.021502885964244208,-0.06188065466534683,-0.3474896327540928,1
313,313,1676052000,1.06771,1.0687,1.06664,1.06714,11273,0,0,-0.0005152635218435027,0.02149816281637738,-0.06839925451047678,-0.31430405156074454,1
314,314,1676062800,1.06714,1.06808,1.06683,1.06782,5317,0,0,0.0006370142981551735,0.021708102402440237,-0.05493950377724209,-0.39512738393957814,3
315,315,1676246400,1.06803,1.06813,1.0668,1.06726,6159,0,0,-0.0005245705199256223,0.019112900593003763,-0.09262736221823664,-0.20634184257533333,1
316,316,1676257200,1.06726,1.0675,1.06555,1.06607,7745,0,0,-0.0011156268588780713,0.01839197698229493,-0.08200270289898831,-0.2242850092996366,1
317,317,1676268000,1.06608,1.06793,1.06607,1.06741,6131,0,0,0.0012561638039297622,0.0190923814657164,-0.05742228028630138,-0.3324908270887854,4
318,318,1676278800,1.06741,1.06899,1.06633,1.06772,12687,0,0,0.00029038044725916777,0.01881877799255581,-0.06366776256472234,-0.29557781260846605,3
319,319,1676289600,1.06772,1.06966,1.06734,1.06907,9145,0,0,0.0012635777775268614,0.018433370299795995,-0.024893017579401367,-0.7405036468961222,4
320,320,1676300400,1.06907,1.07275,1.06761,1.07197,17102,0,0,0.0027089655246696964,0.02082721420481333,0.004254604534301381,4.895217413722148,4
321,321,1676311200,1.07198,1.073,1.07103,1.07279,9097,0,0,0.0007646543575542677,0.020509315804866864,-0.0019014330693368454,-10.78624124909104,3
322,322,1676322000,1.07279,1.07283,1.07141,1.07243,5246,0,0,-0.00033562991523421794,0.02023459569303012,-0.01733126777565865,-1.167519650319472,1
323,323,1676332800,1.07188,1.07368,1.07182,1.07334,3935,0,0,0.0008481804243281394,0.018766301874717048,-0.03393932634707194,-0.5529367814436918,3
324,324,1676343600,1.07335,1.07358,1.07254,1.07345,6538,0,0,0.00010247858439464875,0.018633747922446313,-0.03906253449348143,-0.47702352558705124,3
325,325,1676354400,1.07345,1.07431,1.0732,1.07392,5441,0,0,0.0004377447831580078,0.018663813840962433,-0.026453240862158285,-0.7055397838856587,3
326,326,1676365200,1.07392,1.0767,1.07289,1.07615,13725,0,0,0.0020743518114560793,0.01877505190811187,0.02254590763116411,0.8327476638004154,4
327,327,1676376000,1.07614,1.0768,1.07486,1.07581,11394,0,0,-0.0003159910061795223,0.018791154437229375,0.021770789394005088,0.8631361085328307,0
328,328,1676386800,1.0758,1.08045,1.07068,1.07158,49032,0,0,-0.003939671388201346,0.023389199620038548,-0.021034578167752296,-1.111940512118093,1
329,329,1676397600,1.07159,1.07454,1.07125,1.07317,24532,0,0,0.0014826905618688345,0.023561146824032774,0.012194383988438065,1.932130958511061,2
330,330,1676408400,1.07319,1.07424,1.07233,1.07352,9528,0,0,0.00032608341502632295,0.023574224913869752,0.013533226340345423,1.741951573187687,3
331,331,1676419200,1.0736,1.07402,1.0732,1.07381,4184,0,0,0.0002701028735806282,0.022872585828538936,0.03502933254188881,0.6529552283414883,3
332,332,1676430000,1.07381,1.07445,1.07171,1.07181,7243,0,0,-0.0018642635501593514,0.02245715720565405,0.03913784407877986,0.5737964809827144,0
333,333,1676440800,1.07181,1.07211,1.07038,1.07074,6295,0,0,-0.0009988099124449408,0.022671782046218766,0.03423074388049217,0.6623222131944154,0
334,334,1676451600,1.07075,1.07299,1.07,1.07258,15953,0,0,0.001716962891234973,0.02317710040431612,0.06101746083743389,0.37984373794356735,4
335,335,1676462400,1.07257,1.07331,1.06969,1.06977,10129,0,0,-0.0026232890157553462,0.025145369173388995,0.02189382107050765,1.1485144184018834,2
336,336,1676473200,1.06974,1.0706,1.06652,1.06709,29752,0,0,-0.0025083546935018818,0.02664735713970108,-0.001911589012407464,-13.939898674214117,1
